Bin,Classification,Completeness,Contamination,size_bp,n_contigs,percent_gc
3300020698-bin.14,d__Bacteria;p__Proteobacteria;c__Gammaproteobacteria;o__Burkholderiales;f__Burkholderiaceae;g__Polynucleobacter;s__Polynucleobacter,90.7,1.4,1726325,119,45.7
3300020691-bin.1,d__Bacteria;p__Proteobacteria;c__Gammaproteobacteria;o__Burkholderiales;f__Burkholderiaceae;g__Polynucleobacter;s__Polynucleobacter,91,0.96,1784292,103,45.7
3300020687-bin.6,d__Bacteria;p__Proteobacteria;c__Gammaproteobacteria;o__Burkholderiales;f__Burkholderiaceae;g__Polynucleobacter;s__Polynucleobacter,91.09,2.21,1821054,120,45.6
3300020724-bin.5,d__Bacteria;p__Proteobacteria;c__Gammaproteobacteria;o__Burkholderiales;f__Burkholderiaceae;g__Polynucleobacter;s__Polynucleobacter,95.72,2.94,1946333,105,45.3
3300020721-bin.2,d__Bacteria;p__Proteobacteria;c__Gammaproteobacteria;o__Burkholderiales;f__Burkholderiaceae;g__Polynucleobacter;s__Polynucleobacter,88.83,1.81,1783130,104,45.6
3300020707-bin.6,d__Bacteria;p__Proteobacteria;c__Gammaproteobacteria;o__Burkholderiales;f__Burkholderiaceae;g__Polynucleobacter;s__Polynucleobacter,93.92,1.06,1848528,106,45.7
3300020709-bin.8,d__Bacteria;p__Proteobacteria;c__Gammaproteobacteria;o__Burkholderiales;f__Burkholderiaceae;g__Polynucleobacter;s__Polynucleobacter,92.2,1.93,1901650,101,45.3
3300021116-bin.2,d__Bacteria;p__Proteobacteria;c__Gammaproteobacteria;o__Burkholderiales;f__Burkholderiaceae;g__Polynucleobacter;s__Polynucleobacter,96.76,2.08,1865246,84,45.6
3300020701-bin.14,d__Bacteria;p__Proteobacteria;c__Gammaproteobacteria;o__Burkholderiales;f__Burkholderiaceae;g__Polynucleobacter;s__Polynucleobacter,92.08,1.45,1982663,105,45.3
3300020697-bin.15,d__Bacteria;p__Proteobacteria;c__Gammaproteobacteria;o__Burkholderiales;f__Burkholderiaceae;g__Polynucleobacter;s__Polynucleobacter,87.97,2.44,1751464,88,45.8
3300020734-bin.22,d__Bacteria;p__Proteobacteria;c__Gammaproteobacteria;o__Burkholderiales;f__Burkholderiaceae;g__Polynucleobacter;s__Polynucleobacter,88.88,0,1693699,77,45.7
3300020683-bin.6,d__Bacteria;p__Proteobacteria;c__Gammaproteobacteria;o__Burkholderiales;f__Burkholderiaceae;g__Polynucleobacter;s__Polynucleobacter,91.48,0.86,1757540,109,45.7
3300020688-bin.6,d__Bacteria;p__Proteobacteria;c__Gammaproteobacteria;o__Burkholderiales;f__Burkholderiaceae;g__Polynucleobacter;s__Polynucleobacter,88.2,1.44,1754293,112,45.6
3300020711-bin.8,d__Bacteria;p__Proteobacteria;c__Gammaproteobacteria;o__Burkholderiales;f__Burkholderiaceae;g__Polynucleobacter;s__Polynucleobacter,91.03,0.21,1749503,104,45.8
3300020722-bin.13,d__Bacteria;p__Proteobacteria;c__Gammaproteobacteria;o__Burkholderiales;f__Burkholderiaceae;g__Polynucleobacter;s__Polynucleobacter,93.8,2.12,1903807,107,45.5
3300020682-bin.3,d__Bacteria;p__Proteobacteria;c__Gammaproteobacteria;o__Burkholderiales;f__Burkholderiaceae;g__Polynucleobacter;s__Polynucleobacter,92.07,1.58,1726012,109,45.8
3300020709-bin.7,d__Bacteria;p__Actinobacteriota;c__Actinobacteria;o__Nanopelagicales;f__Nanopelagicaceae;g__PALSA-747;s__,82.07,0.88,1463037,145,50.2
3300020729-bin.22,d__Bacteria;p__Actinobacteriota;c__Actinobacteria;o__Nanopelagicales;f__Nanopelagicaceae;g__PALSA-747;s__,75.37,0.53,1278602,171,50.1
3300020697-bin.8,d__Bacteria;p__Actinobacteriota;c__Actinobacteria;o__Nanopelagicales;f__Nanopelagicaceae;g__PALSA-747;s__,82.99,1.32,1441410,176,50.1
3300020720-bin.22,d__Bacteria;p__Actinobacteriota;c__Actinobacteria;o__Nanopelagicales;f__Nanopelagicaceae;g__PALSA-747;s__,80.17,3.45,1376002,110,50.1
3300020721-bin.11,d__Bacteria;p__Actinobacteriota;c__Actinobacteria;o__Nanopelagicales;f__Nanopelagicaceae;g__PALSA-747;s__,80.64,1.23,1427467,179,50
3300020717-bin.17,d__Bacteria;p__Actinobacteriota;c__Actinobacteria;o__Nanopelagicales;f__Nanopelagicaceae;g__PALSA-747;s__,79.49,2.24,1439192,105,50.1
3300020704-bin.9,d__Bacteria;p__Actinobacteriota;c__Actinobacteria;o__Nanopelagicales;f__Nanopelagicaceae;g__PALSA-747;s__,85.14,4.65,1543279,177,50
3300021135-bin.15,d__Bacteria;p__Actinobacteriota;c__Actinobacteria;o__Nanopelagicales;f__Nanopelagicaceae;g__PALSA-747;s__,80.49,0.53,1360235,119,50.1
3300020712-bin.7,d__Bacteria;p__Actinobacteriota;c__Actinobacteria;o__Nanopelagicales;f__Nanopelagicaceae;g__PALSA-747;s__,78.45,0.86,1467662,131,50
3300020715-bin.5,d__Bacteria;p__Actinobacteriota;c__Actinobacteria;o__Nanopelagicales;f__Nanopelagicaceae;g__PALSA-747;s__,80.86,3.03,1448092,164,50.1
3300020723-bin.12,d__Bacteria;p__Actinobacteriota;c__Actinobacteria;o__Nanopelagicales;f__Nanopelagicaceae;g__PALSA-747;s__,85.64,0.18,1633068,130,50
3300020702-bin.5,d__Bacteria;p__Actinobacteriota;c__Acidimicrobiia;o__Acidimicrobiales;f__RAAP-2;g__RAAP-2;s__,79.06,1.28,1124820,136,50.6
3300020735-bin.27,d__Bacteria;p__Actinobacteriota;c__Acidimicrobiia;o__Acidimicrobiales;f__RAAP-2;g__RAAP-2;s__,77.78,1.85,1181963,143,50.6
3300020706-bin.6,d__Bacteria;p__Actinobacteriota;c__Acidimicrobiia;o__Acidimicrobiales;f__RAAP-2;g__RAAP-2;s__,79.06,3.51,1210708,147,50.6
3300020726-bin.14,d__Bacteria;p__Actinobacteriota;c__Acidimicrobiia;o__Acidimicrobiales;f__RAAP-2;g__RAAP-2;s__,91.74,2.21,1357846,119,50.6
3300020720-bin.8,d__Bacteria;p__Actinobacteriota;c__Acidimicrobiia;o__Acidimicrobiales;f__RAAP-2;g__RAAP-2;s__,85.94,2.56,1291163,147,50.6
3300020711-bin.9,d__Bacteria;p__Actinobacteriota;c__Acidimicrobiia;o__Acidimicrobiales;f__RAAP-2;g__RAAP-2;s__,86.58,1.28,1242002,158,50.5
3300020717-bin.11,d__Bacteria;p__Actinobacteriota;c__Acidimicrobiia;o__Acidimicrobiales;f__RAAP-2;g__RAAP-2;s__,87.37,2.52,1304227,151,50.5
3300020724-bin.4,d__Bacteria;p__Patescibacteria;c__Paceibacteria;o__UBA9983_A;f__XYD1-FULL-46-19;g__;s__,82.18,0,813762,63,46.9
3300020703-bin.3,d__Bacteria;p__Patescibacteria;c__Paceibacteria;o__UBA9983_A;f__UBA9973;g__UBA9973;s__,76.38,1.72,767242,86,35.5
3300020730-bin.21,d__Bacteria;p__Patescibacteria;c__ABY1;o__BM507;f__UBA12465;g__GCA-002841655;s__,78.45,0,906542,81,38.3
3300020698-bin.5,d__Bacteria;p__Patescibacteria;c__Saccharimonadia;o__Saccharimonadales;f__Saccharimonadaceae;g__UBA1547;s__,82.6,0,900034,46,40.5
3300020708-bin.9,d__Bacteria;p__Patescibacteria;c__Saccharimonadia;o__Saccharimonadales;f__Saccharimonadaceae;g__UBA1547;s__,82.6,0,911563,21,40.6
3300020734-bin.14,d__Bacteria;p__Patescibacteria;c__Saccharimonadia;o__Saccharimonadales;f__Saccharimonadaceae;g__UBA1547;s__,82.6,0,911303,13,40.6
3300020724-bin.6,d__Bacteria;p__Patescibacteria;c__Saccharimonadia;o__Saccharimonadales;f__Saccharimonadaceae;g__UBA1547;s__,79.15,0,887597,58,40.5
3300020726-bin.5,d__Bacteria;p__Verrucomicrobiota;c__Verrucomicrobiae;o__Pedosphaerales;f__Pedosphaeraceae;g__UBA11358;s__,78.85,1.35,3567995,711,56.8
3300020708-bin.5,d__Bacteria;p__Bacteroidota;c__Bacteroidia;o__Bacteroidales;f__Paludibacteraceae;g__Paludibacter;s__,96.51,7.26,3614690,271,36.8
3300020703-bin.1,d__Bacteria;p__Bacteroidota;c__Bacteroidia;o__Bacteroidales;f__Paludibacteraceae;g__Paludibacter;s__,78.33,1.11,2872681,495,36.9
3300020700-bin.3,d__Bacteria;p__Bacteroidota;c__Bacteroidia;o__Bacteroidales;f__Prolixibacteraceae;g__;s__,80.25,0.54,3095213,542,46.8
3300020730-bin.23,d__Bacteria;p__Bacteroidota;c__Bacteroidia;o__Bacteroidales;f__Prolixibacteraceae;g__;s__,88.34,1.08,3465195,481,46.9
3300021135-bin.4,d__Bacteria;p__Bacteroidota;c__Bacteroidia;o__Bacteroidales;f__Prolixibacteraceae;g__;s__,97.85,4.3,5232678,272,43
3300020735-bin.14,d__Bacteria;p__Bacteroidota;c__Bacteroidia;o__Bacteroidales;f__Prolixibacteraceae;g__;s__,87.37,1.88,3522134,487,47
3300020681-bin.7,d__Bacteria;p__Bacteroidota;c__Chlorobia;o__Chlorobiales;f__Chlorobiaceae;g__Chlorobium;s__,97.25,2.2,2486803,263,46
3300021116-bin.1,d__Bacteria;p__Bacteroidota;c__Chlorobia;o__Chlorobiales;f__Chlorobiaceae;g__Chlorobium;s__,99.45,1.65,2884402,62,45.8
3300020701-bin.8,d__Bacteria;p__Bacteroidota;c__Chlorobia;o__Chlorobiales;f__Chlorobiaceae;g__Chlorobium;s__,99.45,1.65,2985484,50,45.8
3300020691-bin.3,d__Bacteria;p__Bacteroidota;c__Chlorobia;o__Chlorobiales;f__Chlorobiaceae;g__Chlorobium;s__,98.9,1.1,2990395,61,45.8
3300020704-bin.12,d__Bacteria;p__Bacteroidota;c__Chlorobia;o__Chlorobiales;f__Chlorobiaceae;g__Chlorobium;s__,99.45,1.65,2940739,46,45.9
3300020683-bin.4,d__Bacteria;p__Bacteroidota;c__Chlorobia;o__Chlorobiales;f__Chlorobiaceae;g__Chlorobium;s__,98.35,1.1,2757104,85,46.1
3300020692-bin.2,d__Bacteria;p__Bacteroidota;c__Chlorobia;o__Chlorobiales;f__Chlorobiaceae;g__Chlorobium;s__,98.35,1.1,2724448,104,46
3300020690-bin.1,d__Bacteria;p__Bacteroidota;c__Chlorobia;o__Chlorobiales;f__Chlorobiaceae;g__Chlorobium;s__,97.53,2.22,2632238,235,46
3300020687-bin.8,d__Bacteria;p__Bacteroidota;c__Chlorobia;o__Chlorobiales;f__Chlorobiaceae;g__Chlorobium;s__,99.45,1.92,2979116,75,45.8
3300020724-bin.10,d__Bacteria;p__Bacteroidota;c__Chlorobia;o__Chlorobiales;f__Chlorobiaceae;g__Chlorobium;s__,99.45,1.1,2912316,38,45.9
3300020720-bin.16,d__Bacteria;p__Bacteroidota;c__Chlorobia;o__Chlorobiales;f__Chlorobiaceae;g__Chlorobium;s__,99.45,1.1,2898939,53,45.8
3300020729-bin.23,d__Bacteria;p__Bacteroidota;c__Chlorobia;o__Chlorobiales;f__Chlorobiaceae;g__Chlorobium;s__,99.45,1.1,2995254,37,45.8
3300020688-bin.11,d__Bacteria;p__Bacteroidota;c__Chlorobia;o__Chlorobiales;f__Chlorobiaceae;g__Chlorobium;s__,99.45,1.65,2994846,40,45.8
3300020715-bin.3,d__Bacteria;p__Bacteroidota;c__Chlorobia;o__Chlorobiales;f__Chlorobiaceae;g__Chlorobium;s__,99.45,1.1,2992091,39,45.8
3300020698-bin.13,d__Bacteria;p__Bacteroidota;c__Chlorobia;o__Chlorobiales;f__Chlorobiaceae;g__Chlorobium;s__,99.45,1.1,2909308,55,45.8
3300020707-bin.9,d__Bacteria;p__Bacteroidota;c__Chlorobia;o__Chlorobiales;f__Chlorobiaceae;g__Chlorobium;s__,99.45,1.1,2977025,41,45.9
3300020722-bin.10,d__Bacteria;p__Bacteroidota;c__Chlorobia;o__Chlorobiales;f__Chlorobiaceae;g__Chlorobium;s__,99.45,1.1,2983273,44,45.9
3300020734-bin.13,d__Bacteria;p__Bacteroidota;c__Chlorobia;o__Chlorobiales;f__Chlorobiaceae;g__Chlorobium;s__,99.45,1.1,2982657,41,45.8
3300020717-bin.21,d__Bacteria;p__Bacteroidota;c__Chlorobia;o__Chlorobiales;f__Chlorobiaceae;g__Chlorobium;s__,99.45,1.1,2898490,52,45.8
3300020711-bin.2,d__Bacteria;p__Bacteroidota;c__Chlorobia;o__Chlorobiales;f__Chlorobiaceae;g__Chlorobium;s__,99.45,1.1,2809090,84,45.9
3300020700-bin.8,d__Bacteria;p__Bacteroidota;c__Chlorobia;o__Chlorobiales;f__Chlorobiaceae;g__Chlorobium;s__,99.45,1.1,2718552,100,46.1
3300020723-bin.15,d__Bacteria;p__Bacteroidota;c__Chlorobia;o__Chlorobiales;f__Chlorobiaceae;g__Chlorobium;s__,99.45,1.1,2994749,37,45.8
3300020685-bin.5,d__Bacteria;p__Bacteroidota;c__Chlorobia;o__Chlorobiales;f__Chlorobiaceae;g__Chlorobium;s__,99.45,1.1,3004112,41,45.8
3300021135-bin.17,d__Bacteria;p__Bacteroidota;c__Chlorobia;o__Chlorobiales;f__Chlorobiaceae;g__Chlorobium;s__,99.45,1.1,2949315,53,45.8
3300020719-bin.3,d__Bacteria;p__Bacteroidota;c__Chlorobia;o__Chlorobiales;f__Chlorobiaceae;g__Chlorobium;s__,99.45,1.1,2912523,54,45.8
3300020721-bin.4,d__Bacteria;p__Bacteroidota;c__Chlorobia;o__Chlorobiales;f__Chlorobiaceae;g__Chlorobium;s__,99.45,1.1,2902081,39,46
3300020712-bin.13,d__Bacteria;p__Bacteroidota;c__Chlorobia;o__Chlorobiales;f__Chlorobiaceae;g__Chlorobium;s__,99.45,1.1,2901193,51,45.8
3300020709-bin.9,d__Bacteria;p__Bacteroidota;c__Chlorobia;o__Chlorobiales;f__Chlorobiaceae;g__Chlorobium;s__,99.45,1.1,2986095,43,45.8
3300020693-bin.9,d__Bacteria;p__Bacteroidota;c__Chlorobia;o__Chlorobiales;f__Chlorobiaceae;g__Chlorobium;s__,99.45,1.1,2983344,44,45.8
3300020699-bin.4,d__Bacteria;p__Bacteroidota;c__Chlorobia;o__Chlorobiales;f__Chlorobiaceae;g__Chlorobium;s__,99.45,1.1,2656648,108,46.1
3300020713-bin.4,d__Bacteria;p__Bacteroidota;c__Chlorobia;o__Chlorobiales;f__Chlorobiaceae;g__Chlorobium;s__,99.45,1.1,2721955,108,46.1
3300020706-bin.3,d__Bacteria;p__Bacteroidota;c__Chlorobia;o__Chlorobiales;f__Chlorobiaceae;g__Chlorobium;s__,98.9,1.21,2594279,193,46.1
3300020703-bin.2,d__Bacteria;p__Bacteroidota;c__Chlorobia;o__Chlorobiales;f__Chlorobiaceae;g__Chlorobium;s__,99.45,1.1,2729099,91,46.1
3300020726-bin.23,d__Bacteria;p__Bacteroidota;c__Chlorobia;o__Chlorobiales;f__Chlorobiaceae;g__Chlorobium;s__,99.45,1.1,2648150,111,46.1
3300020735-bin.28,d__Bacteria;p__Bacteroidota;c__Chlorobia;o__Chlorobiales;f__Chlorobiaceae;g__Chlorobium;s__,99.45,1.1,2563828,118,46.2
3300020730-bin.18,d__Bacteria;p__Bacteroidota;c__Chlorobia;o__Chlorobiales;f__Chlorobiaceae;g__Chlorobium;s__,99.45,1.1,2680298,108,46.1
3300020679-bin.4,d__Bacteria;p__Bacteroidota;c__Chlorobia;o__Chlorobiales;f__Chlorobiaceae;g__Chlorobium;s__,99.45,1.1,2885455,63,45.8
3300020697-bin.10,d__Bacteria;p__Proteobacteria;c__Gammaproteobacteria;o__Methylococcales;f__Methylomonadaceae;g__KS41;s__,79.21,0.91,2444486,456,41.1
3300020734-bin.3,d__Bacteria;p__Proteobacteria;c__Gammaproteobacteria;o__Methylococcales;f__Methylomonadaceae;g__KS41;s__,95.88,0.92,3153620,253,41.2
3300020682-bin.7,d__Bacteria;p__Proteobacteria;c__Gammaproteobacteria;o__Methylococcales;f__Methylomonadaceae;g__KS41;s__,93.73,1.16,3050894,342,39.8
3300020682-bin.2,d__Bacteria;p__Proteobacteria;c__Gammaproteobacteria;o__Methylococcales;f__Methylomonadaceae;g__KS41;s__,99.08,0,2426408,100,39.8
3300020734-bin.7,d__Bacteria;p__Proteobacteria;c__Gammaproteobacteria;o__Burkholderiales;f__Burkholderiaceae;g__Polynucleobacter;s__,87.45,14.54,2210453,282,45
3300020721-bin.12,d__Bacteria;p__Proteobacteria;c__Gammaproteobacteria;o__Burkholderiales;f__Burkholderiaceae;g__Polynucleobacter;s__,78.01,16.88,1990728,339,45.3
3300020697-bin.12,d__Bacteria;p__Proteobacteria;c__Gammaproteobacteria;o__Burkholderiales;f__Burkholderiaceae;g__Polynucleobacter;s__,86.61,24.73,2233316,409,45.3
3300020709-bin.18,d__Bacteria;p__Proteobacteria;c__Gammaproteobacteria;o__Burkholderiales;f__Burkholderiaceae;g__Polynucleobacter;s__,78.15,15.68,1889805,377,45.3
3300020701-bin.1,d__Bacteria;p__Proteobacteria;c__Gammaproteobacteria;o__Burkholderiales;f__Burkholderiaceae;g__Polynucleobacter;s__,76.57,13.27,1776257,356,45.3
3300020679-bin.3,d__Bacteria;p__Proteobacteria;c__Gammaproteobacteria;o__Burkholderiales;f__Burkholderiaceae;g__Polynucleobacter;s__,87.18,0.46,1623737,152,46.6
3300021135-bin.38,d__Bacteria;p__Proteobacteria;c__Gammaproteobacteria;o__Burkholderiales;f__Burkholderiaceae;g__Polynucleobacter;s__,93.07,0.83,1932150,95,44.6
3300020719-bin.6,d__Bacteria;p__Proteobacteria;c__Gammaproteobacteria;o__Burkholderiales;f__Burkholderiaceae;g__Polynucleobacter;s__,88.84,0.23,1780499,100,44.7
3300020720-bin.2,d__Bacteria;p__Proteobacteria;c__Gammaproteobacteria;o__Burkholderiales;f__Burkholderiaceae;g__Polynucleobacter;s__,85.38,0.34,1673346,153,44.7
3300020687-bin.4,d__Bacteria;p__Proteobacteria;c__Gammaproteobacteria;o__Burkholderiales;f__Burkholderiaceae;g__Polynucleobacter;s__,75.86,1.72,1618563,208,46.6
3300020724-bin.16,d__Bacteria;p__Proteobacteria;c__Gammaproteobacteria;o__Burkholderiales;f__Burkholderiaceae;g__Polynucleobacter;s__,78.62,3.45,1640936,203,46.5
3300020709-bin.11,d__Bacteria;p__Proteobacteria;c__Gammaproteobacteria;o__Burkholderiales;f__Burkholderiaceae;g__Polynucleobacter;s__,93.35,4.15,2393886,205,44.2
3300020701-bin.7,d__Bacteria;p__Proteobacteria;c__Gammaproteobacteria;o__Burkholderiales;f__Burkholderiaceae;g__Polynucleobacter;s__,85.15,1.07,1698465,217,46.5
3300021116-bin.4,d__Bacteria;p__Proteobacteria;c__Gammaproteobacteria;o__Burkholderiales;f__Burkholderiaceae;g__Polynucleobacter;s__,75.34,2.59,1715175,148,46.5
3300020708-bin.6,d__Bacteria;p__Proteobacteria;c__Gammaproteobacteria;o__Burkholderiales;f__Burkholderiaceae;g__Polynucleobacter;s__,81.72,1.72,1818034,134,46.5
3300020734-bin.1,d__Bacteria;p__Proteobacteria;c__Gammaproteobacteria;o__Burkholderiales;f__Burkholderiaceae;g__Polynucleobacter;s__,82.76,1.72,1738962,130,46.6
3300020722-bin.6,d__Bacteria;p__Proteobacteria;c__Gammaproteobacteria;o__Burkholderiales;f__Burkholderiaceae;g__Polynucleobacter;s__,83.58,2.3,1650168,202,46.5
3300020688-bin.4,d__Bacteria;p__Proteobacteria;c__Gammaproteobacteria;o__Burkholderiales;f__Burkholderiaceae;g__Polynucleobacter;s__,81.86,2.09,1652476,220,46.4
3300020680-bin.1,d__Bacteria;p__Proteobacteria;c__Gammaproteobacteria;o__Burkholderiales;f__Burkholderiaceae;g__Polynucleobacter;s__,85.55,0.3,1627130,191,46.6
3300020711-bin.17,d__Bacteria;p__Proteobacteria;c__Gammaproteobacteria;o__Burkholderiales;f__Burkholderiaceae;g__Polynucleobacter;s__,77.07,2.59,1470393,160,46.8
3300020713-bin.10,d__Bacteria;p__Proteobacteria;c__Gammaproteobacteria;o__Burkholderiales;f__Burkholderiaceae;g__Polynucleobacter;s__,86.38,0.45,1628459,196,46.6
3300020734-bin.16,d__Bacteria;p__Proteobacteria;c__Gammaproteobacteria;o__Burkholderiales;f__Burkholderiaceae;g__Polynucleobacter;s__,98.81,2.86,2490117,69,44.1
3300020697-bin.2,d__Bacteria;p__Proteobacteria;c__Gammaproteobacteria;o__Burkholderiales;f__Burkholderiaceae;g__Polynucleobacter;s__,96.52,7.89,2699599,178,44.2
3300020683-bin.7,d__Bacteria;p__Proteobacteria;c__Gammaproteobacteria;o__Burkholderiales;f__Burkholderiaceae;g__Polynucleobacter;s__,96.13,1.74,2300397,125,44.4
3300020687-bin.2,d__Bacteria;p__Proteobacteria;c__Gammaproteobacteria;o__Burkholderiales;f__Burkholderiaceae;g__Polynucleobacter;s__,92.3,3.1,2275504,268,44.2
3300020721-bin.13,d__Bacteria;p__Proteobacteria;c__Gammaproteobacteria;o__Burkholderiales;f__Burkholderiaceae;g__Polynucleobacter;s__,96.78,4.55,2432129,144,44.3
3300020701-bin.3,d__Bacteria;p__Proteobacteria;c__Gammaproteobacteria;o__Burkholderiales;f__Burkholderiaceae;g__Polynucleobacter;s__,91.48,5.29,2426538,208,44.3
3300020711-bin.10,d__Bacteria;p__Proteobacteria;c__Gammaproteobacteria;o__Burkholderiales;f__Burkholderiaceae;g__Polynucleobacter;s__,90.28,2.28,2340079,274,44.2
3300020698-bin.7,d__Bacteria;p__Proteobacteria;c__Gammaproteobacteria;o__Burkholderiales;f__Burkholderiaceae;g__Polynucleobacter;s__,98.08,1.27,2406090,85,44.3
3300020724-bin.1,d__Bacteria;p__Proteobacteria;c__Gammaproteobacteria;o__Burkholderiales;f__Burkholderiaceae;g__Polynucleobacter;s__,91.94,2.52,2317299,249,44.2
3300020722-bin.4,d__Bacteria;p__Proteobacteria;c__Gammaproteobacteria;o__Burkholderiales;f__Burkholderiaceae;g__Polynucleobacter;s__,89.55,2.54,2305242,273,44.1
3300020691-bin.8,d__Bacteria;p__Proteobacteria;c__Gammaproteobacteria;o__Burkholderiales;f__Burkholderiaceae;g__Polynucleobacter;s__,90.35,3.52,2245093,248,44.2
3300020735-bin.15,d__Bacteria;p__Proteobacteria;c__Gammaproteobacteria;o__Burkholderiales;f__Burkholderiaceae;g__Polynucleobacter;s__,90.19,1,1831323,228,46.3
3300020699-bin.10,d__Bacteria;p__Proteobacteria;c__Gammaproteobacteria;o__Burkholderiales;f__Burkholderiaceae;g__Polynucleobacter;s__,94.27,0.99,1857989,164,46.5
3300020703-bin.6,d__Bacteria;p__Proteobacteria;c__Gammaproteobacteria;o__Burkholderiales;f__Burkholderiaceae;g__Polynucleobacter;s__,93.51,0.71,1908909,131,46.5
3300021113-bin.4,d__Bacteria;p__Proteobacteria;c__Gammaproteobacteria;o__Burkholderiales;f__Burkholderiaceae;g__Polynucleobacter;s__,94.49,1.06,1899356,147,46.4
3300020684-bin.9,d__Bacteria;p__Proteobacteria;c__Gammaproteobacteria;o__Burkholderiales;f__Burkholderiaceae;g__Polynucleobacter;s__,83.38,0.72,1597262,219,46.6
3300020692-bin.3,d__Bacteria;p__Proteobacteria;c__Gammaproteobacteria;o__Burkholderiales;f__Burkholderiaceae;g__Polynucleobacter;s__,94.93,1.45,1873451,135,46.4
3300020691-bin.6,d__Bacteria;p__Proteobacteria;c__Gammaproteobacteria;o__Burkholderiales;f__Burkholderiaceae;g__Polynucleobacter;s__,82.6,1.21,1690468,202,46.5
3300020707-bin.3,d__Bacteria;p__Proteobacteria;c__Gammaproteobacteria;o__Burkholderiales;f__Burkholderiaceae;g__Polynucleobacter;s__,80.61,2.58,2094102,309,44.1
3300020721-bin.15,d__Bacteria;p__Proteobacteria;c__Gammaproteobacteria;o__Burkholderiales;f__Burkholderiaceae;g__Polynucleobacter;s__,87.58,1.74,1699801,158,46.5
3300020700-bin.2,d__Bacteria;p__Proteobacteria;c__Gammaproteobacteria;o__Burkholderiales;f__Burkholderiaceae;g__Polynucleobacter;s__,93.51,0.41,1842039,135,46.5
3300020726-bin.17,d__Bacteria;p__Proteobacteria;c__Gammaproteobacteria;o__Burkholderiales;f__Burkholderiaceae;g__Polynucleobacter;s__,94.1,1.22,1871719,181,46.4
3300020690-bin.7,d__Bacteria;p__Proteobacteria;c__Gammaproteobacteria;o__Burkholderiales;f__Burkholderiaceae;g__Polynucleobacter;s__,89.49,0.55,1786220,157,46.5
3300020709-bin.6,d__Bacteria;p__Proteobacteria;c__Gammaproteobacteria;o__Burkholderiales;f__Burkholderiaceae;g__Polynucleobacter;s__,80.81,1.8,1613839,172,46.5
3300020707-bin.13,d__Bacteria;p__Proteobacteria;c__Gammaproteobacteria;o__Burkholderiales;f__Burkholderiaceae;g__Polynucleobacter;s__,77.59,0,1702274,205,46.5
3300020711-bin.1,d__Bacteria;p__Proteobacteria;c__Gammaproteobacteria;o__Burkholderiales;f__Burkholderiaceae;g__Polynucleobacter;s__,82.2,4.48,1309427,183,47.1
3300020698-bin.10,d__Bacteria;p__Proteobacteria;c__Gammaproteobacteria;o__Burkholderiales;f__Burkholderiaceae;g__Polynucleobacter;s__,83.98,7.79,1276282,190,47.2
3300020682-bin.12,d__Bacteria;p__Proteobacteria;c__Gammaproteobacteria;o__Burkholderiales;f__Burkholderiaceae;g__Polynucleobacter;s__,80.27,6.57,1325533,206,47
3300020683-bin.1,d__Bacteria;p__Proteobacteria;c__Gammaproteobacteria;o__Burkholderiales;f__Burkholderiaceae;g__Polynucleobacter;s__,81.81,3.63,1283607,199,47.2
3300020712-bin.11,d__Bacteria;p__Proteobacteria;c__Gammaproteobacteria;o__Burkholderiales;f__Burkholderiaceae;g__Rhodoferax;s__,86.5,2.56,3730265,548,61.8
3300020720-bin.13,d__Bacteria;p__Proteobacteria;c__Gammaproteobacteria;o__Burkholderiales;f__Burkholderiaceae;g__Rhodoferax;s__,95.38,0.3,4169202,214,61.9
3300020704-bin.10,d__Bacteria;p__Proteobacteria;c__Gammaproteobacteria;o__Burkholderiales;f__Burkholderiaceae;g__Rhodoferax;s__,97.6,1.66,4233253,398,61.8
3300020723-bin.4,d__Bacteria;p__Proteobacteria;c__Gammaproteobacteria;o__Burkholderiales;f__Burkholderiaceae;g__Rhodoferax;s__,97.81,0.27,4218771,250,61.9
3300020719-bin.9,d__Bacteria;p__Proteobacteria;c__Gammaproteobacteria;o__Burkholderiales;f__Burkholderiaceae;g__Rhodoferax;s__,92.69,0.62,3921950,482,61.8
3300021135-bin.26,d__Bacteria;p__Proteobacteria;c__Gammaproteobacteria;o__Burkholderiales;f__Burkholderiaceae;g__Rhodoferax;s__,97.72,1.21,4182662,307,61.9
3300020715-bin.2,d__Bacteria;p__Proteobacteria;c__Gammaproteobacteria;o__Burkholderiales;f__Burkholderiaceae;g__Rhodoferax;s__,96.59,1.86,4165601,400,61.8
3300021135-bin.29,d__Bacteria;p__Proteobacteria;c__Gammaproteobacteria;o__Burkholderiales;f__Burkholderiaceae;g__Rhodoferax;s__,93.49,3.17,4270826,464,60.5
3300020687-bin.1,d__Bacteria;p__Proteobacteria;c__Gammaproteobacteria;o__Burkholderiales;f__Methylophilaceae;g__Methylotenera;s__,82.02,1.92,1344251,205,42.4
3300020730-bin.17,d__Bacteria;p__Proteobacteria;c__Gammaproteobacteria;o__Burkholderiales;f__Methylophilaceae;g__Methylotenera;s__,87.12,2.85,1509677,165,43.5
3300020691-bin.9,d__Bacteria;p__Proteobacteria;c__Gammaproteobacteria;o__Burkholderiales;f__Methylophilaceae;g__Methylotenera;s__,75.24,1.28,1195207,214,42.4
3300020703-bin.4,d__Bacteria;p__Proteobacteria;c__Gammaproteobacteria;o__Burkholderiales;f__Methylophilaceae;g__Methylotenera;s__,93.95,1.42,1559021,146,42.4
3300020734-bin.21,d__Bacteria;p__Proteobacteria;c__Gammaproteobacteria;o__Burkholderiales;f__Methylophilaceae;g__Methylotenera;s__,97.52,0.78,1645629,64,42.4
3300020709-bin.5,d__Bacteria;p__Proteobacteria;c__Gammaproteobacteria;o__Burkholderiales;f__Methylophilaceae;g__Methylotenera;s__,96.12,1.9,1600524,96,42.5
3300020721-bin.8,d__Bacteria;p__Proteobacteria;c__Gammaproteobacteria;o__Burkholderiales;f__Methylophilaceae;g__Methylotenera;s__,97.23,0.99,1613054,76,42.4
3300020692-bin.1,d__Bacteria;p__Proteobacteria;c__Gammaproteobacteria;o__Burkholderiales;f__Methylophilaceae;g__Methylotenera;s__,95.3,1.1,1612652,78,42.4
3300020697-bin.17,d__Bacteria;p__Proteobacteria;c__Gammaproteobacteria;o__Burkholderiales;f__Methylophilaceae;g__Methylotenera;s__,95.16,1.05,1542740,110,42.5
3300020700-bin.6,d__Bacteria;p__Proteobacteria;c__Gammaproteobacteria;o__Burkholderiales;f__Methylophilaceae;g__Methylotenera;s__,96.87,0.8,1669811,63,42.4
3300020698-bin.12,d__Bacteria;p__Proteobacteria;c__Gammaproteobacteria;o__Burkholderiales;f__Methylophilaceae;g__Methylotenera;s__,94.02,3.05,1567974,152,42.5
3300020682-bin.6,d__Bacteria;p__Proteobacteria;c__Gammaproteobacteria;o__Burkholderiales;f__Methylophilaceae;g__Methylotenera;s__,97.56,0.64,1608339,66,42.5
3300020702-bin.7,d__Bacteria;p__Proteobacteria;c__Gammaproteobacteria;o__Burkholderiales;f__Methylophilaceae;g__Methylotenera;s__,97.72,0.43,1678752,74,42.4
3300020713-bin.6,d__Bacteria;p__Proteobacteria;c__Gammaproteobacteria;o__Burkholderiales;f__Methylophilaceae;g__Methylotenera;s__,97.38,0.24,1594667,66,42.3
3300020701-bin.2,d__Bacteria;p__Proteobacteria;c__Gammaproteobacteria;o__Burkholderiales;f__Methylophilaceae;g__Methylotenera;s__,79.18,1.02,1196518,222,42.5
3300020707-bin.10,d__Bacteria;p__Proteobacteria;c__Gammaproteobacteria;o__Burkholderiales;f__Methylophilaceae;g__Methylotenera;s__,80.78,1.09,1264597,217,42.5
3300020735-bin.13,d__Bacteria;p__Proteobacteria;c__Gammaproteobacteria;o__Burkholderiales;f__Methylophilaceae;g__Methylotenera;s__,93.49,0.85,1536603,73,42.5
3300020699-bin.5,d__Bacteria;p__Proteobacteria;c__Gammaproteobacteria;o__Burkholderiales;f__Methylophilaceae;g__Methylotenera;s__,96.33,0.88,1625632,56,42.4
3300020684-bin.2,d__Bacteria;p__Proteobacteria;c__Gammaproteobacteria;o__Burkholderiales;f__Methylophilaceae;g__Methylotenera;s__,91.88,1.07,1501955,128,42.4
3300020706-bin.8,d__Bacteria;p__Proteobacteria;c__Gammaproteobacteria;o__Burkholderiales;f__Methylophilaceae;g__Methylotenera;s__,96.12,0.85,1582279,63,42.5
3300020708-bin.2,d__Bacteria;p__Proteobacteria;c__Gammaproteobacteria;o__Burkholderiales;f__Methylophilaceae;g__Methylotenera;s__,92,1.85,1475963,193,42.5
3300020730-bin.19,d__Bacteria;p__Proteobacteria;c__Gammaproteobacteria;o__Burkholderiales;f__Methylophilaceae;g__Methylotenera;s__,92.37,1.28,1507028,72,42.5
3300020693-bin.3,d__Bacteria;p__Proteobacteria;c__Gammaproteobacteria;o__Burkholderiales;f__Methylophilaceae;g__Methylotenera;s__,80.11,1.31,1281756,225,42.4
3300020722-bin.12,d__Bacteria;p__Proteobacteria;c__Gammaproteobacteria;o__Burkholderiales;f__Methylophilaceae;g__Methylotenera;s__,90.94,0.43,1384905,182,42.6
3300020726-bin.4,d__Bacteria;p__Proteobacteria;c__Gammaproteobacteria;o__Burkholderiales;f__Methylophilaceae;g__Methylotenera;s__,92.49,1.28,1572601,69,42.4
3300020711-bin.11,d__Bacteria;p__Proteobacteria;c__Gammaproteobacteria;o__Burkholderiales;f__Methylophilaceae;g__Methylotenera;s__,80.5,1.62,1361882,220,42.4
3300021135-bin.5,d__Bacteria;p__Proteobacteria;c__Gammaproteobacteria;o__Burkholderiales;f__Methylophilaceae;g__Methylotenera;s__,89.34,3.04,1523666,84,42.5
3300020687-bin.12,d__Bacteria;p__Proteobacteria;c__Gammaproteobacteria;o__Burkholderiales;f__Methylophilaceae;g__Methylopumilus_A;s__,90.85,1.8,1515924,173,42.1
3300020721-bin.18,d__Bacteria;p__Proteobacteria;c__Gammaproteobacteria;o__Burkholderiales;f__Methylophilaceae;g__Methylopumilus_A;s__,98.29,1.56,1639666,101,42.2
3300020709-bin.10,d__Bacteria;p__Proteobacteria;c__Gammaproteobacteria;o__Burkholderiales;f__Methylophilaceae;g__Methylopumilus_A;s__,98.08,2.73,1628727,144,42.1
3300020697-bin.9,d__Bacteria;p__Proteobacteria;c__Gammaproteobacteria;o__Burkholderiales;f__Methylophilaceae;g__Methylopumilus_A;s__,96.95,1.19,1562336,145,42.2
3300020734-bin.17,d__Bacteria;p__Proteobacteria;c__Gammaproteobacteria;o__Burkholderiales;f__Methylophilaceae;g__Methylopumilus_A;s__,96.93,0.76,1594221,56,42.2
3300020682-bin.9,d__Bacteria;p__Proteobacteria;c__Gammaproteobacteria;o__Burkholderiales;f__Methylophilaceae;g__Methylopumilus_A;s__,91.91,0.42,1526552,39,42.2
3300020729-bin.5,d__Bacteria;p__Proteobacteria;c__Gammaproteobacteria;o__Burkholderiales;f__Gallionellaceae;g__Gallionella;s__,75.33,1.67,2057171,402,51.6
3300021135-bin.31,d__Bacteria;p__Proteobacteria;c__Gammaproteobacteria;o__Burkholderiales;f__Gallionellaceae;g__Gallionella;s__,98.57,0.76,2775543,48,51.7
3300020723-bin.16,d__Bacteria;p__Proteobacteria;c__Gammaproteobacteria;o__Burkholderiales;f__Gallionellaceae;g__Gallionella;s__,96.68,1.45,2731934,161,51.6
3300020720-bin.10,d__Bacteria;p__Proteobacteria;c__Gammaproteobacteria;o__Burkholderiales;f__Ferrovaceae;g__;s__,80.83,2.65,1289029,221,52.6
3300020697-bin.14,d__Bacteria;p__Proteobacteria;c__Gammaproteobacteria;o__Burkholderiales;f__Ferrovaceae;g__;s__,94.52,8.43,1690318,165,52.6
3300020721-bin.9,d__Bacteria;p__Proteobacteria;c__Gammaproteobacteria;o__Burkholderiales;f__Ferrovaceae;g__;s__,92.81,9.6,1698197,149,52.6
3300020706-bin.7,d__Bacteria;p__Proteobacteria;c__Gammaproteobacteria;o__Burkholderiales;f__Ferrovaceae;g__;s__,90.33,1.3,1538587,114,52.6
3300020724-bin.14,d__Bacteria;p__Proteobacteria;c__Gammaproteobacteria;o__Burkholderiales;f__Ferrovaceae;g__;s__,87.93,0.33,1427991,142,52.5
3300020730-bin.13,d__Bacteria;p__Proteobacteria;c__Gammaproteobacteria;o__Burkholderiales;f__Ferrovaceae;g__;s__,92.35,1.2,1504424,155,52.6
3300021135-bin.3,d__Bacteria;p__Proteobacteria;c__Gammaproteobacteria;o__Burkholderiales;f__Ferrovaceae;g__;s__,91,3.03,1473907,151,52.6
3300020679-bin.1,d__Bacteria;p__Proteobacteria;c__Gammaproteobacteria;o__Burkholderiales;f__Ferrovaceae;g__;s__,88.03,0.72,1440746,170,52.6
3300020711-bin.15,d__Bacteria;p__Proteobacteria;c__Gammaproteobacteria;o__Burkholderiales;f__Ferrovaceae;g__;s__,91.01,1.57,1519868,119,52.6
3300020683-bin.9,d__Bacteria;p__Proteobacteria;c__Gammaproteobacteria;o__Burkholderiales;f__Ferrovaceae;g__;s__,93.12,1.94,1531522,115,52.6
3300020734-bin.25,d__Bacteria;p__Proteobacteria;c__Gammaproteobacteria;o__Burkholderiales;f__Ferrovaceae;g__;s__,93.77,13.54,1791262,172,52.5
3300020702-bin.9,d__Bacteria;p__Proteobacteria;c__Gammaproteobacteria;o__Burkholderiales;f__Ferrovaceae;g__;s__,87.9,2.02,1462132,155,52.5
3300020726-bin.3,d__Bacteria;p__Proteobacteria;c__Gammaproteobacteria;o__Burkholderiales;f__Ferrovaceae;g__;s__,92.98,1.29,1551448,118,52.5
3300020735-bin.8,d__Bacteria;p__Proteobacteria;c__Gammaproteobacteria;o__Burkholderiales;f__Ferrovaceae;g__;s__,87.05,1.03,1411693,188,52.6
3300020682-bin.4,d__Bacteria;p__Proteobacteria;c__Gammaproteobacteria;o__Burkholderiales;f__Ferrovaceae;g__;s__,93.5,1.45,1525822,126,52.6
3300020707-bin.5,d__Bacteria;p__Proteobacteria;c__Gammaproteobacteria;o__Burkholderiales;f__Ferrovaceae;g__;s__,91.27,3.58,1564827,163,52.5
3300020709-bin.1,d__Bacteria;p__Proteobacteria;c__Gammaproteobacteria;o__Burkholderiales;f__Ferrovaceae;g__;s__,91.51,4.74,1551093,148,52.5
3300020701-bin.11,d__Bacteria;p__Proteobacteria;c__Gammaproteobacteria;o__Burkholderiales;f__Ferrovaceae;g__;s__,87.28,1.7,1521963,159,52.5
3300020698-bin.16,d__Bacteria;p__Proteobacteria;c__Gammaproteobacteria;o__Burkholderiales;f__Ferrovaceae;g__;s__,86.66,0.85,1396975,138,52.7
3300020688-bin.10,d__Bacteria;p__Proteobacteria;c__Gammaproteobacteria;o__Burkholderiales;f__Ferrovaceae;g__;s__,85.27,3.14,1485848,160,52.6
3300020687-bin.10,d__Bacteria;p__Proteobacteria;c__Gammaproteobacteria;o__Burkholderiales;f__Ferrovaceae;g__;s__,85.19,1.87,1382218,177,52.6
3300020722-bin.9,d__Bacteria;p__Proteobacteria;c__Gammaproteobacteria;o__Burkholderiales;f__Ferrovaceae;g__;s__,84.86,0.78,1456321,146,52.5
3300020691-bin.5,d__Bacteria;p__Proteobacteria;c__Gammaproteobacteria;o__Burkholderiales;f__Ferrovaceae;g__;s__,91.22,2.29,1500133,160,52.6
3300020709-bin.2,d__Bacteria;p__Campylobacterota;c__Campylobacteria;o__Campylobacterales;f__Sulfurimonadaceae;g__;s__,97.15,2.64,2391463,155,36.6
3300020697-bin.4,d__Bacteria;p__Campylobacterota;c__Campylobacteria;o__Campylobacterales;f__Sulfurimonadaceae;g__;s__,99.59,2.46,2411768,63,36.5
3300020734-bin.9,d__Bacteria;p__Campylobacterota;c__Campylobacteria;o__Campylobacterales;f__Sulfurimonadaceae;g__;s__,99.59,2.68,2414363,65,36.5
3300021135-bin.21,d__Bacteria;p__Campylobacterota;c__Campylobacteria;o__Campylobacterales;f__Sulfurimonadaceae;g__;s__,99.59,2.44,2392976,78,36.5
3300020703-bin.9,d__Bacteria;p__Desulfobacterota;c__Desulfobulbia;o__Desulfobulbales;f__Desulfocapsaceae;g__;s__,85.52,3.77,3324923,567,50.8
3300020713-bin.12,d__Bacteria;p__Desulfobacterota;c__Desulfobulbia;o__Desulfobulbales;f__Desulfocapsaceae;g__;s__,91.2,3.27,3739107,479,51
3300020708-bin.7,d__Bacteria;p__Desulfobacterota;c__Desulfobulbia;o__Desulfobulbales;f__Desulfocapsaceae;g__;s__,98.08,2.74,3897951,344,51.4
3300020681-bin.9,d__Bacteria;p__Desulfobacterota;c__Desulfobulbia;o__Desulfobulbales;f__Desulfocapsaceae;g__;s__,98.32,3.64,3931604,390,51.3
3300020729-bin.14,d__Bacteria;p__Desulfobacterota;c__Desulfobulbia;o__Desulfobulbales;f__Desulfocapsaceae;g__;s__,91.83,4.17,3639996,524,51.1
3300020735-bin.26,d__Bacteria;p__Desulfobacterota;c__Desulfobulbia;o__Desulfobulbales;f__Desulfocapsaceae;g__;s__,99.36,2.98,4075321,155,51.3
3300020680-bin.4,d__Bacteria;p__Desulfobacterota;c__Desulfobulbia;o__Desulfobulbales;f__Desulfocapsaceae;g__;s__,99.36,2.38,4067087,126,51.3
3300020726-bin.10,d__Bacteria;p__Desulfobacterota;c__Desulfobulbia;o__Desulfobulbales;f__Desulfocapsaceae;g__;s__,99.36,2.38,4086887,150,51.3
3300020717-bin.14,d__Bacteria;p__Desulfobacterota;c__Desulfobulbia;o__Desulfobulbales;f__Desulfocapsaceae;g__;s__,99.36,2.38,4079052,123,51.3
3300021135-bin.19,d__Bacteria;p__Desulfobacterota;c__Desulfobulbia;o__Desulfobulbales;f__Desulfocapsaceae;g__;s__,99.36,2.38,4062585,133,51.3
3300020706-bin.4,d__Bacteria;p__Desulfobacterota;c__Desulfobulbia;o__Desulfobulbales;f__Desulfocapsaceae;g__;s__,99.36,2.38,4064785,126,51.3
3300020690-bin.3,d__Bacteria;p__Desulfobacterota;c__Desulfobulbia;o__Desulfobulbales;f__Desulfocapsaceae;g__;s__,99.36,2.38,4072989,133,51.3
3300020720-bin.4,d__Bacteria;p__Desulfobacterota;c__Desulfobulbia;o__Desulfobulbales;f__Desulfocapsaceae;g__;s__,99.36,2.38,4074052,130,51.3
3300020702-bin.10,d__Bacteria;p__Desulfobacterota;c__Desulfobulbia;o__Desulfobulbales;f__Desulfocapsaceae;g__;s__,99.36,2.38,4066512,139,51.3
3300020712-bin.4,d__Bacteria;p__Desulfobacterota;c__Desulfobulbia;o__Desulfobulbales;f__Desulfocapsaceae;g__;s__,99.36,2.38,4072036,128,51.3
3300020719-bin.10,d__Bacteria;p__Desulfobacterota;c__Desulfobulbia;o__Desulfobulbales;f__Desulfocapsaceae;g__;s__,99.36,2.38,4069780,124,51.3
3300020730-bin.10,d__Bacteria;p__Desulfobacterota;c__Desulfobulbia;o__Desulfobulbales;f__Desulfocapsaceae;g__;s__,99.36,2.68,4019417,153,51.4
3300020704-bin.19,d__Bacteria;p__Desulfobacterota;c__Desulfobulbia;o__Desulfobulbales;f__Desulfocapsaceae;g__;s__,99.36,2.38,4136785,148,51.3
3300020715-bin.9,d__Bacteria;p__Desulfobacterota;c__Desulfobulbia;o__Desulfobulbales;f__Desulfocapsaceae;g__;s__,99.12,3.57,4135193,199,51.3
3300020723-bin.2,d__Bacteria;p__Desulfobacterota;c__Desulfobulbia;o__Desulfobulbales;f__Desulfocapsaceae;g__;s__,99.36,2.38,4146003,173,51.3
3300020684-bin.10,d__Bacteria;p__Desulfobacterota;c__Desulfobulbia;o__Desulfobulbales;f__Desulfocapsaceae;g__;s__,98.77,2.68,4029129,245,51.3
3300020707-bin.12,d__Bacteria;p__Acidobacteriota;c__Holophagae;o__Holophagales;f__Holophagaceae;g__Geothrix;s__,76.19,1.75,2318818,434,67.2
3300020704-bin.1,d__Bacteria;p__Acidobacteriota;c__Holophagae;o__Holophagales;f__Holophagaceae;g__Geothrix;s__,89.77,1.81,2836168,311,67.2
3300020712-bin.5,d__Bacteria;p__Acidobacteriota;c__Holophagae;o__Holophagales;f__Holophagaceae;g__Geothrix;s__,97.86,0.88,3097278,136,67.5
3300020724-bin.3,d__Bacteria;p__Acidobacteriota;c__Holophagae;o__Holophagales;f__Holophagaceae;g__Geothrix;s__,75.79,2.63,2359824,444,67.2
3300020723-bin.1,d__Bacteria;p__Acidobacteriota;c__Holophagae;o__Holophagales;f__Holophagaceae;g__Geothrix;s__,88.71,0.93,3012882,273,66.8
3300020708-bin.4,d__Bacteria;p__Acidobacteriota;c__Holophagae;o__Holophagales;f__Holophagaceae;g__Geothrix;s__,93.76,0.93,3009679,284,67.4
3300020734-bin.18,d__Bacteria;p__Acidobacteriota;c__Holophagae;o__Holophagales;f__Holophagaceae;g__Geothrix;s__,87.14,1.88,2628375,400,67.3
3300020720-bin.3,d__Bacteria;p__Acidobacteriota;c__Holophagae;o__Holophagales;f__Holophagaceae;g__Geothrix;s__,96.13,0.88,3071759,166,67.5
3300020706-bin.2,d__Bacteria;p__Acidobacteriota;c__Holophagae;o__Holophagales;f__Holophagaceae;g__Geothrix;s__,98.83,0.88,3162284,96,67.3
3300020729-bin.9,d__Bacteria;p__Acidobacteriota;c__Holophagae;o__Holophagales;f__Holophagaceae;g__Geothrix;s__,86.33,1.05,2895803,315,67.2
3300020717-bin.4,d__Bacteria;p__Acidobacteriota;c__Holophagae;o__Holophagales;f__Holophagaceae;g__Geothrix;s__,97.12,0.93,3123367,118,67.4
3300020681-bin.3,d__Bacteria;p__Acidobacteriota;c__Holophagae;o__Holophagales;f__Holophagaceae;g__Geothrix;s__,98.25,0.88,3131851,95,67.4
3300020719-bin.5,d__Bacteria;p__Acidobacteriota;c__Holophagae;o__Holophagales;f__Holophagaceae;g__Geothrix;s__,96.64,0.88,3067612,149,67.5
3300020700-bin.9,d__Bacteria;p__Acidobacteriota;c__Holophagae;o__Holophagales;f__Holophagaceae;g__Geothrix;s__,94.3,0.88,3007932,293,67.3
3300020709-bin.12,d__Bacteria;p__Acidobacteriota;c__Holophagae;o__Holophagales;f__Holophagaceae;g__Geothrix;s__,86.17,1.8,2746159,358,67.3
3300020699-bin.9,d__Bacteria;p__Acidobacteriota;c__Holophagae;o__Holophagales;f__Holophagaceae;g__Geothrix;s__,99.12,1.75,3196686,110,67.1
3300020726-bin.6,d__Bacteria;p__Acidobacteriota;c__Holophagae;o__Holophagales;f__Holophagaceae;g__Geothrix;s__,98.78,0.88,3192015,87,67.2
3300020713-bin.7,d__Bacteria;p__Acidobacteriota;c__Holophagae;o__Holophagales;f__Holophagaceae;g__Geothrix;s__,99.12,0.88,3140575,91,67.3
3300020735-bin.19,d__Bacteria;p__Acidobacteriota;c__Holophagae;o__Holophagales;f__Holophagaceae;g__Geothrix;s__,99.12,1.75,3153916,104,67.4
3300020721-bin.10,d__Bacteria;p__Acidobacteriota;c__Holophagae;o__Holophagales;f__Holophagaceae;g__Geothrix;s__,91.76,3.76,2890648,312,67.4
3300020702-bin.4,d__Bacteria;p__Acidobacteriota;c__Holophagae;o__Holophagales;f__Holophagaceae;g__Geothrix;s__,96.59,0.88,3139948,153,67.3
3300020715-bin.6,d__Bacteria;p__Acidobacteriota;c__Holophagae;o__Holophagales;f__Holophagaceae;g__Geothrix;s__,88.68,1.75,2951770,286,67.2
3300020693-bin.2,d__Bacteria;p__Acidobacteriota;c__Holophagae;o__Holophagales;f__Holophagaceae;g__Geothrix;s__,89.09,0.1,2839076,385,67.3
3300021135-bin.22,d__Bacteria;p__Acidobacteriota;c__Holophagae;o__Holophagales;f__Holophagaceae;g__Geothrix;s__,94.95,1.75,3090114,111,67.5
3300020692-bin.4,d__Bacteria;p__Acidobacteriota;c__Holophagae;o__Holophagales;f__Holophagaceae;g__Geothrix;s__,98.25,1.75,3131400,112,67.3
3300020730-bin.15,d__Bacteria;p__Acidobacteriota;c__Holophagae;o__Holophagales;f__Holophagaceae;g__Geothrix;s__,97.37,1.75,3069356,245,67.3
3300020723-bin.22,d__Bacteria;p__Acidobacteriota;c__Holophagae;o__Holophagales;f__Holophagaceae;g__Geothrix;s__,76.22,0.44,3139122,474,65.3
3300021135-bin.8,d__Bacteria;p__Acidobacteriota;c__Holophagae;o__Holophagales;f__Holophagaceae;g__Geothrix;s__,80.18,1.32,2981233,479,65.7
